{
  "timestamp": "2026-04-04T07:37:11.700999+00:00",
  "timesteps": 0,
  "episodes": 20,
  "request_rate": 1.5,
  "max_steps": 200,
  "init_model": "c:\\drsp-sim\\drsp-sim\\outputs\\models\\dqn_routemate_final.zip",
  "trained": {
    "mean_reward": 1247.7409999999948,
    "std_reward": 144.520882886348,
    "mean_completion": 25.30586147300362,
    "std_completion": 2.7629929992175417
  },
  "greedy": {
    "mean_reward": 1196.9423749999976,
    "std_reward": 90.23804682433949,
    "mean_completion": 28.516084685202866,
    "std_completion": 1.9219662080333364
  },
  "delta": {
    "reward": 50.79862499999717,
    "completion": -3.210223212199246
  },
  "promoted_to_final": false,
  "model_path": "C:\\drsp-sim\\drsp-sim\\outputs\\models\\dqn_routemate_improved.zip"
}